RegionID,SizeRank,RegionName,RegionType,StateName,2017-10-31,2017-11-30,2017-12-31,2018-01-31,2018-02-28,2018-03-31,2018-04-30,2018-05-31,2018-06-30,2018-07-31,2018-08-31,2018-09-30,2018-10-31,2018-11-30,2018-12-31,2019-01-31,2019-02-28,2019-03-31,2019-04-30,2019-05-31,2019-06-30,2019-07-31,2019-08-31,2019-09-30,2019-10-31,2019-11-30,2019-12-31,2020-01-31,2020-02-29,2020-03-31,2020-04-30,2020-05-31,2020-06-30
102001,0,United States,Country,"",275000.0,274345.0,272863.0,272123.0,272398.0,276201.0,282976.0,290476.0,296425.0,298950.0,299200.0,298200.0,296975.0,294725.0,292475.0,290875.0,291120.0,294370.0,300870.0,308745.0,315975.0,320225.0,320225.0,318225.0,314475.0,309475.0,305475.0,301975.0,299738.0,303488.0,308713.0,316438.0,326175.0
394913,1,"New York, NY",Msa,NY,500900.0,500450.0,500267.0,500200.0,506225.0,515975.0,528250.0,540750.0,547000.0,549725.0,549725.0,549475.0,549225.0,548000.0,545500.0,541975.0,541800.0,543050.0,550050.0,558825.0,565475.0,570225.0,569224.0,568974.0,567499.0,567499.0,569000.0,569000.0,570500.0,577750.0,584250.0,591750.0,598000.0
753899,2,"Los Angeles-Long Beach-Anaheim, CA",Msa,CA,849999.0,849999.0,852999.0,854750.0,862000.0,874475.0,891947.0,908197.0,913445.0,910720.0,890998.0,871970.0,856722.0,840722.0,830444.0,818222.0,815947.0,826697.0,849225.0,879225.0,906225.0,922975.0,932725.0,936225.0,939000.0,942725.0,948197.0,959669.0,982169.0,1007194.0,1010972.0,1014750.0,1027000.0
394463,3,"Chicago, IL",Msa,IL,324900.0,321400.0,315600.0,312950.0,313975.0,321975.0,335950.0,349700.0,357200.0,357200.0,352225.0,346725.0,339450.0,331975.0,324475.0,317975.0,317975.0,325225.0,337475.0,349450.0,355725.0,355950.0,351198.0,345175.0,338675.0,331200.0,324927.0,319725.0,320100.0,327075.0,334600.0,343325.0,350700.0
394514,4,"Dallas-Fort Worth, TX",Msa,TX,345000.0,343575.0,344017.0,344763.0,347238.0,351955.0,358205.0,363930.0,365180.0,362425.0,356200.0,348725.0,343750.0,341225.0,339200.0,337947.0,337947.0,340472.0,346171.0,353174.0,357924.0,357921.0,354873.0,350373.0,346870.0,345123.0,342998.0,340498.0,339225.0,339700.0,339950.0,343700.0,348724.0
394974,5,"Philadelphia, PA",Msa,PA,265000.0,262500.0,258333.0,256225.0,253700.0,254950.0,261175.0,268700.0,277225.0,282225.0,283250.0,282750.0,280250.0,276475.0,271700.0,265950.0,261175.0,261425.0,267700.0,278450.0,288450.0,295723.0,299448.0,299923.0,299948.0,299925.0,298198.0,295698.0,295448.0,296698.0,300925.0,309700.0,320573.0
394692,6,"Houston, TX",Msa,TX,320000.0,321750.0,322800.0,323348.0,325823.0,328698.0,332448.0,336200.0,338675.0,337413.0,333688.0,328688.0,323613.0,319875.0,317375.0,316125.0,316000.0,318500.0,322375.0,327350.0,330075.0,330073.0,327423.0,322935.0,319698.0,316700.0,313975.0,311738.0,310225.0,311600.0,313850.0,318100.0,323623.0
395209,7,"Washington, DC",Msa,DC,478000.0,466000.0,457333.0,453000.0,446237.0,451487.0,460238.0,472738.0,487250.0,493475.0,497100.0,495850.0,488575.0,480879.0,471254.0,462504.0,460029.0,467484.0,483234.0,501209.0,513684.0,513950.0,510425.0,504948.0,499973.0,499972.0,499747.0,499725.0,505975.0,518225.0,529723.0,544498.0,560723.0
394856,8,"Miami-Fort Lauderdale, FL",Msa,FL,459900.0,461200.0,461467.0,461075.0,462350.0,465350.0,469825.0,474600.0,477100.0,475950.0,470950.0,463700.0,457200.0,450950.0,447200.0,444700.0,443675.0,444925.0,446200.0,451175.0,454950.0,458475.0,460975.0,460750.0,460000.0,458750.0,458500.0,458500.0,460500.0,463250.0,463250.0,464750.0,470750.0
394347,9,"Atlanta, GA",Msa,GA,309900.0,310900.0,311670.0,313338.0,317113.0,324113.0,333310.0,343037.0,349787.0,349787.0,346012.0,339175.0,332425.0,328200.0,324225.0,320500.0,319225.0,320973.0,327448.0,336198.0,343698.0,347425.0,346175.0,342460.0,337485.0,333760.0,330785.0,328250.0,328225.0,329769.0,330279.0,334029.0,339054.0
394404,10,"Boston, MA",Msa,MA,569900.0,564450.0,559300.0,556975.0,559475.0,574475.0,593475.0,612225.0,617225.0,603725.0,584725.0,565950.0,552950.0,546450.0,542175.0,539675.0,540175.0,553004.0,570004.0,587504.0,600004.0,602400.0,599925.0,594700.0,592225.0,589725.0,588475.0,587475.0,589975.0,602475.0,613725.0,629950.0,646175.0
395057,11,"San Francisco, CA",Msa,CA,879000.0,864500.0,842967.0,831975.0,836725.0,866475.0,913750.0,963750.0,986500.0,975500.0,950472.0,925447.0,901947.0,883194.0,860972.0,836235.0,832472.0,857447.0,897322.0,946085.0,968347.0,965625.0,956975.0,945713.0,940713.0,938213.0,926863.0,909125.0,918875.0,936125.0,961250.0,1008500.0,1048750.0
394532,12,"Detroit, MI",Msa,MI,239900.0,234700.0,229767.0,226050.0,222300.0,226150.0,237425.0,252450.0,265975.0,272000.0,270500.0,264225.0,255225.0,246725.0,238225.0,232000.0,228750.0,232475.0,243700.0,257425.0,269900.0,276175.0,274950.0,267475.0,259250.0,250446.0,241446.0,235196.0,229696.0,230375.0,235375.0,246375.0,264770.0
395025,13,"Riverside, CA",Msa,CA,399900.0,399950.0,399966.0,401725.0,404618.0,409618.0,415868.0,420368.0,423750.0,423725.0,421225.0,418695.0,414920.0,411420.0,407670.0,406200.0,407475.0,412249.0,419500.0,425500.0,430500.0,433000.0,433225.0,431200.0,428675.0,426050.0,424800.0,424825.0,427350.0,431975.0,435725.0,441950.0,451925.0
394976,14,"Phoenix, AZ",Msa,AZ,334900.0,333950.0,334300.0,336975.0,340750.0,347500.0,353750.0,357500.0,358750.0,356225.0,352725.0,349100.0,346475.0,344250.0,343975.0,345075.0,346450.0,350950.0,355950.0,360325.0,365074.0,366799.0,368049.0,369011.0,369263.0,371538.0,373813.0,378250.0,385250.0,391475.0,391200.0,390200.0,390675.0
395078,15,"Seattle, WA",Msa,WA,510000.0,512475.0,513317.0,518738.0,533738.0,556250.0,581250.0,603488.0,615738.0,614238.0,607738.0,597974.0,590474.0,585699.0,583949.0,587700.0,597700.0,617725.0,644475.0,663250.0,673250.0,673000.0,663238.0,656963.0,652213.0,649963.0,649975.0,656238.0,667475.0,679725.0,686888.0,693026.0,698038.0
394865,16,"Minneapolis-St Paul, MN",Msa,MN,328500.0,329200.0,335800.0,343575.0,356425.0,371450.0,379175.0,381200.0,378650.0,370900.0,363400.0,356900.0,350633.0,345858.0,345758.0,349258.0,358075.0,371627.0,381502.0,385727.0,384477.0,378425.0,371175.0,363700.0,357450.0,352475.0,352450.0,358675.0,368204.0,378179.0,383204.0,385729.0,386200.0
395056,17,"San Diego, CA",Msa,CA,759000.0,754000.0,758333.0,761000.0,770000.0,782500.0,790500.0,798000.0,799000.0,793000.0,780725.0,764475.0,744725.0,728475.0,720500.0,718250.0,725500.0,741750.0,762000.0,780738.0,793460.0,799460.0,799460.0,799447.0,798850.0,798850.0,800350.0,800125.0,809625.0,822375.0,827375.0,842375.0,864750.0
395121,18,"St. Louis, MO",Msa,MO,199900.0,197450.0,194933.0,193675.0,192872.0,196089.0,203364.0,212114.0,218568.0,221575.0,221800.0,220575.0,219925.0,218675.0,215825.0,212550.0,211325.0,215098.0,222973.0,233498.0,242123.0,246000.0,246959.0,245184.0,242559.0,239934.0,236450.0,234960.0,236435.0,239435.0,244435.0,250925.0,256950.0
395148,19,"Tampa, FL",Msa,FL,280000.0,279950.0,279633.0,279475.0,279475.0,281875.0,286500.0,291500.0,296250.0,297625.0,295550.0,292050.0,287300.0,283525.0,280100.0,277850.0,277825.0,280325.0,286200.0,292200.0,297200.0,299475.0,298912.0,296413.0,293913.0,291138.0,288200.0,286950.0,286725.0,287250.0,287750.0,290750.0,296000.0
394358,20,"Baltimore, MD",Msa,MD,325000.0,322450.0,318267.0,313700.0,309950.0,311200.0,317475.0,329950.0,342200.0,350950.0,354675.0,354450.0,350198.0,342698.0,335223.0,327970.0,323698.0,325973.0,334198.0,345425.0,356075.0,363575.0,365348.0,361623.0,357223.0,351098.0,343600.0,338600.0,337375.0,341225.0,349975.0,361225.0,369975.0
394530,21,"Denver, CO",Msa,CO,"","","","","","","","","","","","","",508463.0,506213.0,508688.0,518700.0,533475.0,544725.0,551000.0,552250.0,545475.0,537975.0,531700.0,526700.0,526740.0,531484.0,540234.0,552800.0,566035.0,571292.0,573817.0,577250.0
394982,22,"Pittsburgh, PA",Msa,PA,169900.0,169839.0,168193.0,166770.0,165520.0,165575.0,168100.0,172450.0,175975.0,177225.0,177225.0,175975.0,174350.0,173075.0,171075.0,168575.0,167450.0,168975.0,173725.0,179975.0,186700.0,191450.0,193675.0,193700.0,189975.0,186200.0,181225.0,177475.0,178700.0,181200.0,184925.0,191150.0,198675.0
394998,23,"Portland, OR",Msa,OR,479000.0,482000.0,484633.0,486975.0,492213.0,501688.0,509213.0,515713.0,519475.0,513725.0,506225.0,497475.0,488700.0,483475.0,480725.0,480725.0,484500.0,489738.0,494985.0,498735.0,499960.0,499347.0,498100.0,495350.0,491100.0,487100.0,485213.0,487713.0,494488.0,502838.0,504475.0,505950.0,508425.0
394458,24,"Charlotte, NC",Msa,NC,349000.0,345500.0,343333.0,342475.0,340950.0,342950.0,348199.0,353224.0,357474.0,357474.0,353725.0,348700.0,342314.0,337064.0,332064.0,328339.0,328725.0,333700.0,340800.0,349550.0,355550.0,355825.0,354725.0,350950.0,347200.0,345583.0,344583.0,344608.0,346258.0,350350.0,351600.0,356575.0,362450.0
395045,25,"Sacramento, CA",Msa,CA,465000.0,465200.0,465133.0,467348.0,472348.0,479498.0,487998.0,494250.0,496750.0,495500.0,490725.0,483475.0,476975.0,470975.0,467250.0,467250.0,472250.0,481500.0,495225.0,508975.0,519225.0,525975.0,527250.0,525750.0,520725.0,515950.0,514675.0,516175.0,523675.0,533450.0,537225.0,540975.0,545000.0
395055,26,"San Antonio, TX",Msa,TX,283097.0,281549.0,282666.0,282798.0,283024.0,285499.0,288899.0,293075.0,296925.0,298200.0,295575.0,291575.0,286725.0,283225.0,281850.0,280875.0,280875.0,281875.0,284098.0,287853.0,291603.0,292853.0,291503.0,288998.0,285498.0,282973.0,281225.0,279725.0,279913.0,282413.0,285161.0,289161.0,293724.0
394943,27,"Orlando, FL",Msa,FL,319900.0,318950.0,317633.0,318200.0,319475.0,323725.0,329973.0,335498.0,339248.0,340248.0,338975.0,335725.0,331950.0,327175.0,323200.0,320200.0,318975.0,321250.0,326250.0,332388.0,337388.0,339888.0,338888.0,337250.0,335072.0,333047.0,333022.0,333022.0,335950.0,340700.0,340600.0,341825.0,343575.0
394466,28,"Cincinnati, OH",Msa,OH,235000.0,232450.0,228933.0,227925.0,229173.0,236673.0,250798.0,264548.0,273300.0,275550.0,269700.0,262225.0,255725.0,249375.0,244375.0,241375.0,244075.0,252675.0,266400.0,281525.0,290575.0,294600.0,293350.0,288700.0,282175.0,275550.0,270550.0,268050.0,274325.0,285450.0,299200.0,316475.0,330225.0
394475,29,"Cleveland, OH",Msa,OH,169900.0,167900.0,165267.0,164925.0,164425.0,166681.0,172681.0,178681.0,184181.0,187925.0,188600.0,187850.0,186375.0,183875.0,181950.0,180475.0,180600.0,183100.0,188100.0,193350.0,199225.0,201750.0,201625.0,200350.0,195825.0,192075.0,187450.0,183725.0,183375.0,187100.0,192812.0,202562.0,211687.0
394735,30,"Kansas City, MO",Msa,MO,250000.0,252500.0,251667.0,253750.0,258738.0,264963.0,271713.0,276463.0,278350.0,277100.0,275350.0,275575.0,281075.0,286075.0,293325.0,300825.0,307200.0,318450.0,328700.0,336850.0,339338.0,335588.0,329088.0,320963.0,314725.0,310719.0,309668.0,312643.0,319630.0,329911.0,339963.0,351863.0,361771.0
394775,31,"Las Vegas, NV",Msa,NV,299900.0,299949.0,299966.0,301225.0,303222.0,305723.0,316973.0,332973.0,348475.0,362225.0,365950.0,361175.0,354699.0,347449.0,341199.0,336199.0,331450.0,329925.0,329950.0,332473.0,336223.0,339373.0,340620.0,340498.0,340473.0,339848.0,340669.0,342044.0,347069.0,355794.0,357475.0,358725.0,358947.0
394492,32,"Columbus, OH",Msa,OH,259900.0,254900.0,254600.0,258425.0,268200.0,280725.0,295975.0,308500.0,313725.0,317450.0,313450.0,304175.0,293950.0,283725.0,275188.0,270688.0,273413.0,283913.0,298925.0,314450.0,324450.0,326700.0,322725.0,314725.0,303475.0,292200.0,284375.0,283100.0,289100.0,300350.0,312173.0,325923.0,338198.0
394705,33,"Indianapolis, IN",Msa,IN,215000.0,214950.0,213267.0,213675.0,216800.0,225550.0,246075.0,265475.0,279850.0,286125.0,278100.0,267475.0,256200.0,244950.0,237225.0,232225.0,233500.0,243475.0,257950.0,272925.0,283425.0,285950.0,282950.0,279200.0,273700.0,268623.0,263623.0,259898.0,262373.0,269358.0,279308.0,291557.0,304057.0
395059,34,"San Jose, CA",Msa,CA,1149999.0,1149500.0,1132666.0,1124500.0,1136972.0,1174222.0,1224472.0,1286722.0,1311500.0,1310750.0,1290750.0,1253000.0,1227750.0,1191500.0,1161250.0,1136750.0,1136750.0,1158750.0,1196500.0,1240250.0,1253000.0,1243250.0,1230722.0,1211722.0,1199222.0,1199222.0,1194195.0,1194433.0,1219183.0,1244183.0,1266737.0,1296750.0,1319729.0
394355,35,"Austin, TX",Msa,TX,389990.0,389990.0,389160.0,388120.0,389373.0,391625.0,396000.0,399750.0,400975.0,399975.0,394975.0,389950.0,383725.0,377473.0,372348.0,368598.0,368348.0,372600.0,380725.0,388250.0,389725.0,384274.0,376274.0,367022.0,359774.0,357225.0,353450.0,352317.0,355839.0,362022.0,370308.0,381859.0,394609.0
395194,36,"Virginia Beach, VA",Msa,VA,279900.0,277450.0,276633.0,276200.0,274973.0,276223.0,279723.0,283473.0,288200.0,291575.0,291825.0,291825.0,290325.0,288200.0,286950.0,286725.0,288475.0,292200.0,297425.0,302650.0,306425.0,308950.0,309950.0,308850.0,308225.0,308223.0,308248.0,309370.0,310615.0,313093.0,316818.0,321820.0,328675.0
394902,37,"Nashville, TN",Msa,TN,384000.0,381950.0,381267.0,380925.0,381167.0,383442.0,385942.0,387890.0,386623.0,383123.0,378123.0,373675.0,370675.0,367675.0,365200.0,362700.0,360700.0,361200.0,363675.0,366200.0,369850.0,370072.0,368472.0,365947.0,362297.0,359575.0,357425.0,354950.0,353725.0,354950.0,356225.0,361200.0,367200.0
395005,38,"Providence, RI",Msa,RI,349000.0,344450.0,342633.0,341725.0,341725.0,346500.0,353000.0,360725.0,365725.0,368450.0,369450.0,368225.0,365725.0,360725.0,355950.0,352148.0,349898.0,356172.0,363672.0,373475.0,382950.0,386450.0,387725.0,385450.0,383225.0,379450.0,373200.0,370475.0,370700.0,375975.0,385725.0,395725.0,408000.0
394862,39,"Milwaukee, WI",Msa,WI,244900.0,242400.0,238233.0,236150.0,237175.0,244175.0,255425.0,267950.0,278175.0,283450.0,284700.0,283425.0,277200.0,271175.0,267425.0,266950.0,271700.0,280200.0,288950.0,295675.0,299650.0,299925.0,299925.0,297425.0,292425.0,286150.0,278425.0,275700.0,279450.0,287600.0,300325.0,312825.0,321550.0
394714,40,"Jacksonville, FL",Msa,FL,300000.0,300000.0,302667.0,304500.0,308250.0,313225.0,317450.0,320574.0,321799.0,320549.0,316699.0,311075.0,305850.0,301875.0,299475.0,299225.0,299475.0,303350.0,307375.0,313875.0,318625.0,317250.0,314500.0,308250.0,303500.0,301225.0,299950.0,301198.0,304195.0,308218.0,310743.0,314995.0,318248.0
394849,41,"Memphis, TN",Msa,TN,209900.0,207450.0,203267.0,199950.0,194950.0,191700.0,192900.0,195375.0,201625.0,207600.0,212175.0,217075.0,218325.0,218725.0,216713.0,214335.0,211860.0,212110.0,215873.0,222125.0,228350.0,232450.0,234364.0,233585.0,232860.0,232760.0,232822.0,232225.0,231725.0,233100.0,234875.0,239975.0,247350.0
394935,42,"Oklahoma City, OK",Msa,OK,232900.0,231400.0,230900.0,230775.0,231925.0,235700.0,240225.0,245100.0,247950.0,248575.0,247300.0,245575.0,244100.0,242850.0,242125.0,243625.0,246625.0,252250.0,260625.0,267100.0,270825.0,271575.0,268198.0,264473.0,262659.0,261359.0,261362.0,263112.0,266075.0,269825.0,274550.0,279975.0,286100.0
394807,43,"Louisville-Jefferson County, KY",Msa,KY,239900.0,235950.0,232800.0,233975.0,237725.0,247200.0,259300.0,269900.0,276150.0,276150.0,274900.0,272310.0,269210.0,266710.0,262972.0,259813.0,260413.0,265413.0,274386.0,284911.0,291186.0,293686.0,290950.0,284925.0,277050.0,267075.0,259225.0,252975.0,253350.0,262600.0,274225.0,286750.0,295500.0
394669,44,"Hartford, CT",Msa,CT,284900.0,282400.0,281567.0,283650.0,287175.0,294675.0,302200.0,308475.0,312475.0,312475.0,309950.0,306175.0,302300.0,299575.0,299350.0,299250.0,299350.0,299600.0,302350.0,307450.0,312450.0,314950.0,312450.0,307475.0,302475.0,299725.0,298600.0,297225.0,297225.0,302450.0,309800.0,319900.0,332400.0
395022,45,"Richmond, VA",Msa,VA,299970.0,299935.0,298123.0,296068.0,296073.0,300845.0,309075.0,319075.0,325328.0,326830.0,324973.0,321248.0,317485.0,312473.0,307463.0,303700.0,303950.0,310188.0,319950.0,329950.0,337188.0,339588.0,337313.0,333575.0,328588.0,322463.0,319975.0,319963.0,322463.0,328804.0,336304.0,345554.0,356791.0
394910,46,"New Orleans, LA",Msa,LA,262900.0,260950.0,257300.0,255350.0,252000.0,252000.0,256125.0,261750.0,266875.0,269600.0,269975.0,268200.0,266700.0,264200.0,261950.0,260350.0,260350.0,262875.0,266875.0,272125.0,275875.0,277125.0,277125.0,276000.0,274975.0,274100.0,272600.0,270725.0,269250.0,270125.0,272850.0,278225.0,284075.0
394425,47,"Buffalo, NY",Msa,NY,179900.0,177400.0,174933.0,173675.0,173675.0,177425.0,183650.0,191150.0,196150.0,198650.0,199425.0,198950.0,196450.0,192725.0,188225.0,184350.0,184100.0,186350.0,191325.0,197175.0,201425.0,205400.0,205400.0,202425.0,198425.0,191675.0,186700.0,183200.0,182475.0,185450.0,190425.0,199150.0,207375.0
395012,48,"Raleigh, NC",Msa,NC,361900.0,360900.0,360433.0,359700.0,360475.0,365475.0,371850.0,378725.0,383100.0,383100.0,380575.0,376800.0,371150.0,365925.0,361425.0,357700.0,358725.0,363253.0,371253.0,379978.0,385228.0,385075.0,381575.0,377850.0,374075.0,370950.0,367200.0,363425.0,363450.0,367425.0,370988.0,378263.0,385488.0
394388,49,"Birmingham, AL",Msa,AL,215999.0,213000.0,211666.0,210000.0,209725.0,214700.0,222425.0,232150.0,239425.0,242575.0,242600.0,240875.0,237125.0,233975.0,231450.0,229675.0,232400.0,237425.0,244925.0,254825.0,262575.0,269331.0,272151.0,273275.0,274225.0,272444.0,270899.0,268650.0,267425.0,267925.0,269150.0,273490.0,277265.0
395053,50,"Salt Lake City, UT",Msa,UT,399900.0,399450.0,399267.0,399450.0,400725.0,405963.0,413613.0,420988.0,426503.0,429515.0,428390.0,426012.0,421723.0,415973.0,412220.0,409723.0,412223.0,417889.0,426654.0,436654.0,444179.0,447143.0,445605.0,441605.0,436605.0,435700.0,437225.0,442475.0,452950.0,462850.0,466350.0,471321.0,475821.0
395031,51,"Rochester, NY",Msa,NY,174900.0,172400.0,171567.0,172400.0,175923.0,182973.0,191498.0,200248.0,205375.0,204850.0,202100.0,197100.0,190950.0,186925.0,185925.0,187950.0,194700.0,205950.0,217450.0,225950.0,231100.0,232350.0,228575.0,222550.0,214400.0,205675.0,198175.0,196186.0,201211.0,211511.0,226511.0,239000.0,246475.0
394640,52,"Grand Rapids, MI",Msa,MI,259500.0,257000.0,257967.0,262200.0,269575.0,280925.0,294425.0,303175.0,308400.0,308050.0,300825.0,293325.0,286850.0,283450.0,284675.0,287175.0,291150.0,298650.0,307400.0,314900.0,318650.0,316900.0,310650.0,305425.0,299175.0,294425.0,291700.0,291700.0,296700.0,304450.0,314575.0,322300.0,329825.0
395167,53,"Tucson, AZ",Msa,AZ,264760.0,264880.0,263420.0,264790.0,267350.0,271075.0,277200.0,281728.0,282978.0,283066.0,283066.0,283063.0,284306.0,284969.0,284944.0,284444.0,286138.0,290388.0,295413.0,300413.0,302450.0,302225.0,300475.0,298975.0,298625.0,298625.0,298375.0,298600.0,300850.0,304825.0,305575.0,310350.0,317225.0
753924,54,"Urban Honolulu, HI",Msa,HI,719000.0,717000.0,718000.0,720750.0,722250.0,718250.0,713000.0,708500.0,707250.0,713750.0,723500.0,728000.0,727750.0,726250.0,723000.0,722000.0,719750.0,718750.0,717500.0,718250.0,725750.0,733250.0,739500.0,744750.0,748750.0,752500.0,761250.0,774000.0,797250.0,814750.0,823500.0,828500.0,826000.0
395169,55,"Tulsa, OK",Msa,OK,215000.0,212500.0,211333.0,210975.0,210975.0,213788.0,218788.0,223563.0,226063.0,227000.0,226000.0,224975.0,224950.0,224925.0,224800.0,225325.0,227850.0,232875.0,239225.0,247225.0,251725.0,253950.0,254287.0,254287.0,256037.0,258537.0,261725.0,261350.0,261975.0,264725.0,268100.0,275975.0,285225.0
394619,56,"Fresno, CA",Msa,CA,323800.0,324400.0,325433.0,325300.0,324100.0,324100.0,324725.0,327250.0,331250.0,333725.0,333200.0,330700.0,328200.0,324475.0,322250.0,319750.0,317500.0,318750.0,322750.0,331250.0,341000.0,349725.0,353475.0,353700.0,351200.0,346138.0,344138.0,342913.0,343593.0,348268.0,350268.0,355268.0,362625.0
395238,57,"Worcester, MA",Msa,MA,299900.0,299900.0,299900.0,299900.0,303675.0,308675.0,317450.0,328700.0,336948.0,344223.0,345448.0,343598.0,339075.0,333075.0,328075.0,324675.0,324700.0,330950.0,342725.0,355475.0,366725.0,371475.0,369700.0,363475.0,357225.0,352450.0,349725.0,349700.0,350925.0,358425.0,368650.0,381150.0,397400.0
394415,58,"Stamford, CT",Msa,CT,699997.0,699499.0,699332.0,714249.0,745500.0,780500.0,811975.0,829475.0,823200.0,810700.0,791975.0,772200.0,759725.0,749725.0,749475.0,749250.0,758000.0,769500.0,777000.0,779750.0,768475.0,750975.0,731200.0,716199.0,708724.0,704224.0,709224.0,715475.0,725475.0,742475.0,752475.0,769975.0,790725.0
394312,59,"Albuquerque, NM",Msa,NM,250000.0,249500.0,248833.0,248875.0,248875.0,251623.0,257247.0,262497.0,267472.0,268450.0,265925.0,262175.0,259675.0,258675.0,258675.0,259925.0,262450.0,267450.0,273725.0,280600.0,285350.0,287800.0,288800.0,288800.0,288425.0,287250.0,286250.0,287694.0,293294.0,301544.0,310269.0,320700.0,330700.0
394308,60,"Albany, NY",Msa,NY,215000.0,214950.0,215633.0,217724.0,220474.0,224224.0,227449.0,228925.0,232175.0,234675.0,237175.0,238450.0,238450.0,238450.0,237225.0,237225.0,237450.0,238950.0,242675.0,246400.0,248925.0,251675.0,251675.0,250450.0,250200.0,248225.0,247250.0,247225.0,247450.0,250150.0,254275.0,260550.0,270550.0
394938,61,"Omaha, NE",Msa,NE,268000.0,268950.0,270967.0,272975.0,279225.0,286725.0,295487.0,303112.0,305488.0,305513.0,302875.0,298000.0,292350.0,286999.0,283274.0,283249.0,289031.0,300632.0,310982.0,319732.0,323788.0,322444.0,318444.0,311969.0,304406.0,296250.0,291238.0,290738.0,296563.0,304285.0,310755.0,317755.0,322180.0
394908,62,"New Haven, CT",Msa,CT,299723.0,296862.0,294541.0,295656.0,299225.0,307975.0,320475.0,330475.0,336950.0,338450.0,335725.0,332225.0,327225.0,320950.0,313700.0,308700.0,307450.0,311225.0,318725.0,324725.0,327250.0,327225.0,322950.0,316925.0,312925.0,307950.0,305725.0,304475.0,305975.0,310975.0,317437.0,329937.0,343313.0
394357,63,"Bakersfield, CA",Msa,CA,265000.0,262500.0,261633.0,261200.0,262425.0,267175.0,272175.0,277200.0,279725.0,279850.0,278375.0,275125.0,271363.0,266988.0,263463.0,261088.0,259825.0,260575.0,265380.0,270755.0,275530.0,279255.0,278200.0,275925.0,272425.0,268700.0,266225.0,266225.0,268725.0,272475.0,275975.0,278250.0,280750.0
394753,64,"Knoxville, TN",Msa,TN,269900.0,269900.0,269233.0,267925.0,267663.0,270163.0,276163.0,284913.0,292450.0,294840.0,290615.0,284590.0,277315.0,271175.0,269900.0,266425.0,265175.0,268925.0,273925.0,283175.0,291887.0,296887.0,298137.0,296112.0,291150.0,283650.0,277150.0,270925.0,269425.0,274425.0,280200.0,288925.0,299175.0
394653,65,"Greenville, SC",Msa,SC,278900.0,276950.0,276267.0,275536.0,275786.0,279286.0,283561.0,288975.0,293725.0,295225.0,294700.0,290925.0,285675.0,281675.0,277950.0,276725.0,277225.0,279950.0,286175.0,292400.0,296175.0,294950.0,290450.0,285450.0,281675.0,280400.0,278675.0,277675.0,280007.0,282339.0,284839.0,290564.0,294701.0
394952,66,"Ventura, CA",Msa,CA,835000.0,832000.0,837667.0,835725.0,836725.0,839225.0,839450.0,834475.0,824725.0,814725.0,797000.0,781750.0,769000.0,752875.0,740375.0,738100.0,740600.0,748225.0,763225.0,778000.0,793250.0,808225.0,819950.0,832450.0,839825.0,844850.0,855625.0,868125.0,893000.0,916500.0,915500.0,915500.0,909500.0
394318,67,"Allentown, PA",Msa,PA,229000.0,227000.0,226300.0,224100.0,222075.0,224325.0,228075.0,234325.0,241350.0,244100.0,243875.0,240750.0,235975.0,231725.0,228225.0,226950.0,226950.0,229925.0,234925.0,241175.0,248075.0,252850.0,254075.0,254075.0,250950.0,247425.0,244925.0,242450.0,243700.0,249950.0,256225.0,263700.0,269925.0
394561,68,"El Paso, TX",Msa,TX,169900.0,169844.0,169729.0,169535.0,169547.0,169588.0,169950.0,170950.0,172213.0,174225.0,176225.0,177475.0,178213.0,178463.0,178963.0,180713.0,182963.0,185200.0,187495.0,189745.0,191370.0,192120.0,192088.0,191838.0,191550.0,193038.0,193663.0,193413.0,193153.0,192053.0,191415.0,192048.0,193858.0
394367,69,"Baton Rouge, LA",Msa,LA,242000.0,241000.0,240633.0,240225.0,239725.0,241725.0,245475.0,250475.0,255450.0,257200.0,255975.0,253725.0,251225.0,249950.0,249825.0,249800.0,249825.0,251225.0,254800.0,259575.0,263325.0,264425.0,262200.0,257425.0,253675.0,251200.0,249973.0,249973.0,251198.0,253673.0,256150.0,259925.0,263700.0
394521,70,"Dayton, OH",Msa,OH,144000.0,139950.0,135267.0,133675.0,130150.0,130925.0,134425.0,139450.0,145725.0,150950.0,154700.0,154925.0,153650.0,150650.0,148150.0,147400.0,147048.0,149823.0,154848.0,160623.0,168475.0,176200.0,181200.0,182425.0,181075.0,176075.0,170448.0,167798.0,167898.0,174923.0,184050.0,194200.0,202950.0
394843,71,"McAllen, TX",Msa,TX,196000.0,197000.0,196300.0,195975.0,195700.0,194925.0,195575.0,196325.0,197350.0,198375.0,198875.0,199350.0,198350.0,197350.0,196225.0,195000.0,197250.0,199750.0,203475.0,207725.0,210350.0,211600.0,211625.0,209875.0,208000.0,207750.0,207500.0,207475.0,206850.0,204600.0,202350.0,203625.0,207500.0
394486,72,"Columbia, SC",Msa,SC,209900.0,207400.0,204933.0,203700.0,203200.0,206225.0,213225.0,221925.0,229575.0,234025.0,234500.0,233300.0,231150.0,232200.0,234475.0,236950.0,239450.0,240950.0,243700.0,246200.0,248700.0,247625.0,244625.0,241603.0,237521.0,234815.0,232815.0,231863.0,233469.0,237625.0,242214.0,246614.0,250364.0
394648,73,"Greensboro, NC",Msa,NC,210000.0,204950.0,203267.0,202425.0,203800.0,210075.0,219725.0,232000.0,239375.0,247875.0,255725.0,259725.0,263450.0,263113.0,258138.0,256609.0,257634.0,261971.0,271721.0,280625.0,284625.0,285850.0,281100.0,275564.0,273039.0,269314.0,268039.0,265450.0,264225.0,265475.0,265475.0,271225.0,279725.0
394304,74,"Akron, OH",Msa,OH,149900.0,149900.0,149233.0,146900.0,144400.0,144423.0,147323.0,154823.0,163598.0,169825.0,171925.0,169825.0,166050.0,161050.0,156550.0,153650.0,152400.0,153650.0,157925.0,165413.0,171688.0,176688.0,178687.0,175850.0,172075.0,166475.0,160200.0,155300.0,153450.0,155325.0,161350.0,170350.0,178475.0
753906,75,"North Port-Sarasota-Bradenton, FL",Msa,FL,365000.0,367000.0,369167.0,369375.0,371850.0,373350.0,373700.0,376175.0,377425.0,378650.0,378650.0,374925.0,371200.0,366200.0,362450.0,362450.0,363675.0,368325.0,374575.0,379575.0,383350.0,383475.0,379750.0,375750.0,372891.0,371891.0,373141.0,374641.0,375000.0,375000.0,372488.0,370488.0,371713.0
394798,76,"Little Rock, AR",Msa,AR,179900.0,179900.0,181400.0,182300.0,184450.0,186950.0,189075.0,191575.0,193175.0,193594.0,192844.0,191569.0,190969.0,190550.0,190550.0,190500.0,189875.0,191900.0,194425.0,200725.0,206975.0,211225.0,214975.0,213725.0,212475.0,210475.0,208200.0,207225.0,207225.0,210225.0,213748.0,218498.0,222223.0
395134,77,"Stockton, CA",Msa,CA,385000.0,383200.0,383800.0,385349.0,386349.0,385999.0,389499.0,390750.0,393475.0,398450.0,397450.0,396325.0,393850.0,390125.0,388625.0,387250.0,386000.0,389250.0,398250.0,409500.0,423250.0,436250.0,442500.0,447041.0,448056.0,447806.0,447806.0,447015.0,448250.0,448737.0,448738.0,452485.0,460233.0
394457,78,"Charleston, SC",Msa,SC,404900.0,402450.0,401467.0,401075.0,402350.0,406100.0,410975.0,417250.0,420875.0,422125.0,419625.0,413350.0,407200.0,400950.0,396200.0,395200.0,398450.0,405950.0,415950.0,424475.0,428750.0,427511.0,422261.0,414761.0,407261.0,402225.0,399725.0,399475.0,400725.0,406722.0,409947.0,417447.0,425172.0
395143,79,"Syracuse, NY",Msa,NY,155999.0,153000.0,151966.0,151450.0,151825.0,155550.0,160550.0,165550.0,168650.0,170650.0,171400.0,171400.0,171400.0,170550.0,168800.0,168800.0,170050.0,172650.0,178650.0,184900.0,190675.0,194425.0,194200.0,192725.0,189450.0,186950.0,185950.0,184950.0,187450.0,191200.0,196200.0,203700.0,211200.0
394484,80,"Colorado Springs, CO",Msa,CO,437500.0,431250.0,432500.0,432267.0,429142.0,431381.0,428881.0,425740.0,419465.0,407225.0,395475.0,384475.0,378725.0,376225.0,376475.0,381468.0,387218.0,397193.0,404943.0,411200.0,417475.0,423500.0,427250.0,428500.0,428500.0,426225.0,426340.0,427565.0,428790.0,432502.0,438387.0,443412.0,448437.0
395235,81,"Winston-Salem, NC",Msa,NC,209900.0,212450.0,213266.0,214450.0,216975.0,219200.0,221725.0,223475.0,225950.0,232450.0,239950.0,246200.0,251223.0,251223.0,249948.0,250423.0,254150.0,260425.0,269175.0,279675.0,286441.0,290191.0,291216.0,289866.0,288625.0,285875.0,282375.0,279000.0,280225.0,283950.0,286564.0,293289.0,299039.0
395224,82,"Wichita, KS",Msa,KS,178900.0,178400.0,177892.0,178419.0,182794.0,189569.0,198470.0,206470.0,209095.0,209283.0,206638.0,203513.0,201663.0,197700.0,194700.0,194325.0,194425.0,200425.0,209075.0,216825.0,224100.0,225600.0,224350.0,221850.0,219350.0,217338.0,212463.0,207688.0,204413.0,207700.0,215188.0,227713.0,243713.0
395115,83,"Springfield, MA",Msa,MA,260000.0,259950.0,260633.0,259725.0,260975.0,266000.0,274250.0,284975.0,293700.0,296175.0,292400.0,286175.0,278675.0,273450.0,268450.0,264450.0,262725.0,264225.0,273000.0,285725.0,298700.0,304925.0,306150.0,303650.0,297400.0,292400.0,286925.0,281925.0,281925.0,291925.0,304900.0,322175.0,338450.0
394440,84,"Fort Myers, FL",Msa,FL,325000.0,327450.0,331300.0,333450.0,337175.0,339575.0,339800.0,339800.0,338800.0,337650.0,334925.0,331200.0,329475.0,327000.0,325725.0,325725.0,325725.0,326725.0,327750.0,327750.0,326725.0,324225.0,320950.0,318425.0,317175.0,318650.0,322400.0,327925.0,334425.0,340675.0,342950.0,346175.0,351700.0
394399,85,"Boise City, ID",Msa,ID,310000.0,309944.0,315596.0,321672.0,334147.0,342900.0,350925.0,357425.0,357450.0,359950.0,357693.0,353693.0,349943.0,346215.0,343698.0,341220.0,342445.0,348698.0,359286.0,371764.0,381305.0,386280.0,385691.0,381966.0,376675.0,372675.0,370198.0,371198.0,376646.0,383540.0,389790.0,395015.0,401592.0
395160,86,"Toledo, OH",Msa,OH,132900.0,131400.0,129233.0,128150.0,126150.0,127400.0,131150.0,137150.0,143175.0,146075.0,146075.0,143825.0,141550.0,138675.0,138175.0,136950.0,136950.0,142700.0,151350.0,163825.0,173825.0,178050.0,177400.0,171650.0,166650.0,162800.0,159050.0,157050.0,155075.0,154700.0,157950.0,166950.0,177700.0
394816,87,"Madison, WI",Msa,WI,299900.0,299900.0,299900.0,303675.0,310950.0,320725.0,331975.0,337975.0,340700.0,339450.0,334475.0,330950.0,325950.0,322200.0,322175.0,322200.0,329475.0,337200.0,343450.0,349675.0,349900.0,349675.0,348325.0,345825.0,343325.0,341050.0,339900.0,342400.0,348675.0,356175.0,364675.0,370950.0,374675.0
394766,88,"Lakeland, FL",Msa,FL,224900.0,224950.0,225300.0,225213.0,226138.0,227388.0,229613.0,232125.0,233725.0,235200.0,234723.0,233448.0,230948.0,228223.0,227223.0,226723.0,227598.0,228823.0,229075.0,230850.0,232475.0,233750.0,234975.0,234725.0,234200.0,232950.0,232188.0,232413.0,233203.0,235650.0,236438.0,236988.0,237970.0
394931,89,"Ogden, UT",Msa,UT,330000.0,330000.0,330000.0,333225.0,339450.0,349975.0,360725.0,368750.0,373775.0,374475.0,373100.0,370575.0,366675.0,362925.0,363300.0,365825.0,371225.0,379725.0,387450.0,391925.0,393925.0,390425.0,385200.0,379450.0,370950.0,365975.0,363700.0,367450.0,376200.0,383700.0,388700.0,394973.0,404973.0
394528,90,"Daytona Beach, FL",Msa,FL,269000.0,268450.0,268633.0,268225.0,268474.0,270199.0,271699.0,277199.0,282163.0,285709.0,288084.0,285584.0,281872.0,277875.0,275250.0,274125.0,274125.0,276100.0,280098.0,285198.0,288923.0,290323.0,287813.0,283460.0,280235.0,277860.0,277623.0,278000.0,280000.0,283225.0,283450.0,285075.0,286300.0
394531,91,"Des Moines, IA",Msa,IA,289900.0,290600.0,291567.0,293153.0,296605.0,301255.0,306405.0,310676.0,313475.0,313500.0,311518.0,308993.0,306190.0,303665.0,301097.0,299622.0,298675.0,300025.0,303525.0,305025.0,306525.0,305175.0,300950.0,297175.0,290450.0,284200.0,279675.0,277175.0,279358.0,283108.0,287689.0,292685.0,297054.0
394711,92,"Jackson, MS",Msa,MS,249800.0,248150.0,248600.0,247675.0,246450.0,247325.0,248700.0,251475.0,256000.0,257250.0,255975.0,253950.0,248200.0,244450.0,241975.0,239975.0,241225.0,243700.0,248450.0,253450.0,258450.0,260950.0,260950.0,260350.0,258350.0,257125.0,258600.0,260200.0,261950.0,264950.0,266200.0,271225.0,279600.0
394352,94,"Augusta, GA",Msa,GA,219900.0,219950.0,219933.0,221175.0,223200.0,225675.0,229425.0,232675.0,234800.0,234800.0,233325.0,230100.0,227225.0,225975.0,224950.0,224925.0,224675.0,226475.0,230225.0,233975.0,236725.0,238450.0,237850.0,237173.0,237161.0,235792.0,234792.0,234220.0,234264.0,235883.0,239983.0,246008.0,252225.0
394666,96,"Harrisburg, PA",Msa,PA,189500.0,189700.0,189467.0,190600.0,193200.0,199450.0,207150.0,214900.0,220939.0,222189.0,222214.0,220962.0,219573.0,217073.0,214598.0,212600.0,212200.0,214975.0,218700.0,222675.0,228175.0,233039.0,236789.0,238564.0,237589.0,236850.0,236625.0,237850.0,240300.0,243400.0,246100.0,250850.0,255875.0
395006,100,"Provo, UT",Msa,UT,379900.0,379900.0,379267.0,381925.0,388675.0,396650.0,401900.0,402919.0,398444.0,392969.0,391969.0,389725.0,387450.0,383700.0,378700.0,377450.0,379950.0,386175.0,392400.0,397150.0,399673.0,401973.0,404498.0,405223.0,404975.0,402475.0,399950.0,401473.0,407660.0,414635.0,419660.0,425413.0,431975.0
394549,104,"Durham, NC",Msa,NC,400000.0,402000.0,401333.0,400975.0,405885.0,411610.0,419111.0,427883.0,428320.0,425345.0,420269.0,411521.0,406174.0,402174.0,399250.0,399200.0,404175.0,412925.0,422550.0,432350.0,434875.0,432600.0,427225.0,418725.0,409725.0,402250.0,398475.0,400850.0,409850.0,423350.0,430875.0,437250.0,442250.0
394995,119,"Port St. Lucie, FL",Msa,FL,298250.0,297625.0,296750.0,296538.0,295725.0,295200.0,295450.0,296225.0,296225.0,296250.0,297000.0,297000.0,297700.0,298400.0,298150.0,297775.0,297825.0,298125.0,298375.0,298750.0,299100.0,299200.0,299200.0,299425.0,299325.0,299450.0,299700.0,299700.0,299925.0,299925.0,299900.0,299900.0,301600.0
395183,124,"Vallejo, CA",Msa,CA,479000.0,482000.0,489667.0,496000.0,501225.0,508338.0,509338.0,512838.0,516613.0,513000.0,504500.0,491000.0,479500.0,472000.0,469500.0,468050.0,470470.0,474708.0,482958.0,493158.0,505488.0,515225.0,521963.0,523213.0,516213.0,509963.0,503725.0,497475.0,497450.0,499838.0,504470.0,510845.0,520870.0
394746,128,"Killeen, TX",Msa,TX,178000.0,178500.0,179600.0,181813.0,184788.0,187788.0,192338.0,196475.0,202091.0,208416.0,211416.0,212641.0,209525.0,207700.0,208425.0,210110.0,215135.0,220360.0,224110.0,228675.0,231150.0,229925.0,229300.0,227440.0,227143.0,227143.0,226518.0,226896.0,227218.0,228269.0,230191.0,233324.0,238824.0
395048,132,"Salem, OR",Msa,OR,325000.0,329500.0,332967.0,335950.0,342200.0,346200.0,350700.0,354450.0,358200.0,361950.0,362450.0,361200.0,358675.0,354900.0,352425.0,352425.0,351200.0,351225.0,351200.0,349975.0,351950.0,355675.0,359425.0,363150.0,366050.0,367075.0,368325.0,371850.0,373225.0,375950.0,378463.0,379963.0,382463.0
394927,149,"Ocala, FL",Msa,FL,199900.0,199950.0,202966.0,203475.0,206937.0,211313.0,213938.0,217663.0,219200.0,219550.0,218400.0,215925.0,213450.0,212225.0,211975.0,211950.0,211200.0,209200.0,207475.0,207500.0,208225.0,209723.0,211970.0,213220.0,214470.0,215198.0,214650.0,213375.0,212150.0,210988.0,210038.0,211288.0,213788.0
394602,159,"Fort Collins, CO",Msa,CO,458500.0,462700.0,465818.0,470363.0,475270.0,478295.0,482532.0,482782.0,484500.0,484725.0,481200.0,477700.0,472700.0,467938.0,464213.0,461438.0,459688.0,461975.0,465461.0,469378.0,473628.0,473378.0,469898.0,467730.0,465705.0,465955.0,468450.0,470680.0,476642.0,485069.0,492569.0,499864.0,506927.0
394405,162,"Boulder, CO",Msa,CO,700707.0,724854.0,736569.0,739677.0,748250.0,754750.0,752250.0,758000.0,761750.0,752975.0,740475.0,722225.0,704713.0,694113.0,700363.0,699988.0,710000.0,717875.0,718875.0,735725.0,749450.0,754200.0,754200.0,750450.0,743975.0,744225.0,749450.0,754475.0,785975.0,822475.0,851875.0,883125.0,896625.0
394471,172,"Clarksville, TN",Msa,TN,199990.0,202445.0,204930.0,207423.0,212175.0,215700.0,218200.0,220450.0,220675.0,220675.0,220700.0,220850.0,221850.0,224100.0,226575.0,228325.0,232325.0,236550.0,241325.0,245925.0,247200.0,245975.0,244025.0,241538.0,240263.0,239013.0,237463.0,234975.0,233125.0,234100.0,236075.0,240050.0,244175.0
394645,177,"Greeley, CO",Msa,CO,394490.0,393495.0,393997.0,391973.0,388325.0,387328.0,385828.0,387455.0,391205.0,392078.0,392328.0,392371.0,392621.0,394371.0,396871.0,397975.0,396250.0,395250.0,394225.0,398725.0,407725.0,410558.0,412551.0,409238.0,404343.0,406985.0,410991.0,418055.0,430425.0,442675.0,450200.0,455200.0,454920.0
394813,189,"Macon-Bibb County, GA",Msa,GA,154000.0,154000.0,153000.0,152225.0,150725.0,152200.0,155575.0,161825.0,170050.0,173825.0,176575.0,177725.0,177475.0,177475.0,177225.0,174825.0,172325.0,172325.0,173675.0,176438.0,179375.0,179600.0,177100.0,172738.0,167300.0,163323.0,161095.0,160195.0,159468.0,157218.0,156468.0,156468.0,159695.0
394346,220,"Athens, GA",Msa,GA,289900.0,287450.0,288267.0,289825.0,292100.0,295600.0,299475.0,303325.0,303550.0,302550.0,297925.0,291925.0,289200.0,285425.0,285675.0,287950.0,290675.0,298075.0,305850.0,311600.0,314100.0,311350.0,304075.0,297050.0,291825.0,290950.0,293288.0,295813.0,303538.0,309763.0,313675.0,318175.0,319675.0
394623,229,"Gainesville, GA",Msa,GA,335000.0,330450.0,326633.0,326225.0,324975.0,328475.0,336225.0,344950.0,355575.0,360600.0,364075.0,361599.0,355339.0,350089.0,343589.0,343340.0,343950.0,348175.0,354950.0,360707.0,363207.0,361707.0,357832.0,349075.0,343850.0,338625.0,332725.0,328475.0,324950.0,325200.0,326200.0,329641.0,333774.0
395246,244,"Yuba City, CA",Msa,CA,300000.0,299950.0,299633.0,299475.0,304475.0,312938.0,324438.0,332188.0,335938.0,334375.0,329375.0,326875.0,320625.0,315613.0,310613.0,306863.0,309338.0,313725.0,322450.0,330675.0,335450.0,339175.0,338448.0,338973.0,339198.0,339220.0,339723.0,338722.0,343722.0,351222.0,360197.0,375448.0,382948.0
395009,251,"Punta Gorda, FL",Msa,FL,281150.0,285550.0,287000.0,286500.0,287212.0,285600.0,283100.0,282975.0,284450.0,283550.0,283325.0,282175.0,280950.0,283225.0,285725.0,288000.0,288238.0,288238.0,287738.0,286963.0,285450.0,283200.0,282012.0,281037.0,282287.0,283763.0,287425.0,290675.0,291925.0,292925.0,289710.0,288210.0,287985.0
395007,253,"Pueblo, CO",Msa,CO,239500.0,237250.0,237833.0,239600.0,241000.0,246625.0,251875.0,251375.0,257575.0,261950.0,263175.0,268675.0,266939.0,261939.0,259464.0,255764.0,254775.0,259325.0,264800.0,272275.0,271775.0,265725.0,260250.0,255000.0,252000.0,251000.0,249750.0,247475.0,247475.0,250225.0,251475.0,255225.0,260175.0
395094,331,"Sherman, TX",Msa,TX,"","","","","","","","","","","","","",255750.0,253250.0,250750.0,249250.0,249000.0,249750.0,252475.0,253975.0,256700.0,257175.0,255950.0,254450.0,251725.0,250500.0,248725.0,248725.0,248950.0,251450.0,254450.0,255925.0
394546,343,"Dunn, NC",Msa,NC,207000.0,208000.0,208667.0,208998.0,209748.0,210998.0,213019.0,215497.0,219247.0,222924.0,225877.0,228377.0,229577.0,228650.0,227425.0,226200.0,227875.0,231600.0,236575.0,240775.0,240400.0,240400.0,239175.0,239975.0,243325.0,245825.0,249042.0,251517.0,253167.0,253167.0,253575.0,254825.0,258325.0
395166,383,"Truckee, CA",Msa,CA,569000.0,562000.0,564333.0,573000.0,578125.0,585625.0,583375.0,570875.0,557250.0,542250.0,531000.0,524975.0,518475.0,512225.0,508225.0,502000.0,506000.0,518250.0,531000.0,548250.0,559250.0,561750.0,564250.0,563250.0,562250.0,561750.0,559000.0,558750.0,558750.0,561975.0,570725.0,579475.0,593100.0
395153,399,"The Villages, FL",Msa,FL,282500.0,286100.0,284033.0,281750.0,277875.0,274175.0,271575.0,271350.0,271850.0,269250.0,268188.0,264663.0,263663.0,266263.0,269925.0,273700.0,274925.0,272200.0,267725.0,266450.0,266950.0,269700.0,276675.0,282925.0,289925.0,295925.0,295925.0,294675.0,292200.0,291175.0,291200.0,291200.0,292425.0
394586,504,"Faribault, MN",Msa,MN,315000.0,312450.0,307933.0,305925.0,301925.0,299200.0,299200.0,298950.0,299175.0,298508.0,296158.0,293808.0,291208.0,288100.0,286950.0,287050.0,292150.0,298650.0,304900.0,306175.0,301425.0,298425.0,295950.0,294675.0,293200.0,289975.0,287475.0,288975.0,295450.0,301925.0,305150.0,306400.0,303650.0
394309,527,"Albemarle, NC",Msa,NC,244900.0,252200.0,251433.0,249825.0,249850.0,246225.0,249975.0,257475.0,263700.0,269825.0,271075.0,269575.0,269350.0,265700.0,260700.0,255425.0,250650.0,252025.0,254650.0,257775.0,259375.0,256750.0,255875.0,253075.0,251300.0,253575.0,255570.0,259490.0,261315.0,260715.0,253220.0,251150.0,253250.0
394742,595,"Kerrville, TX",Msa,TX,379000.0,379000.0,379000.0,377975.0,374450.0,369675.0,365925.0,365950.0,369725.0,374500.0,378250.0,378250.0,379500.0,382000.0,382000.0,388000.0,384225.0,381725.0,383850.0,380975.0,387250.0,388625.0,388000.0,388450.0,383450.0,381075.0,383575.0,385500.0,390500.0,401500.0,409000.0,415750.0,423250.0
395091,641,"Shelbyville, TN",Msa,TN,207950.0,213225.0,217150.0,216113.0,216600.0,213200.0,206925.0,203650.0,205150.0,211175.0,220575.0,231850.0,240350.0,247200.0,252800.0,256025.0,253525.0,249175.0,246675.0,248450.0,255950.0,258300.0,258300.0,252925.0,247925.0,247075.0,247075.0,243675.0,241175.0,239900.0,236900.0,238900.0,239550.0
